Workbook

Sheet store
A1: Store | B1: LYG - 荃灣綠楊坊 O2O店
A2: RO | B2: IS01449606
A3: R Category | B3: DRY
A4: RO | B4: https://psos.hktvmall.com/hktv-psos/replenishment/transaction/detail?id=1784742
A5: Inventory log of RO on 25th | B5: https://psos.hktvmall.com/hktv-psos/inventory/detail?current_page=2&page_size=100&store_code=&product_code=&reference_number=IS01449606&from_date=2025/11/25&to_date=2025/11/25&available_quantity_change_only=&reference_type=&adjustment_type=

Sheet 60 sku - o qty >0
A1: 貨品編號 | B1: 貨品名稱 | C1: POS倉存 | D1: 已往未完成補貨量 | E1: 倉存上限 | F1: 開始補貨量 | G1: 補貨最少單位(MOQ) | H1: 目標補貨量 | I1: 申請補貨量 | J1: 執貨中 | K1: 已取消 | L1: 已簽收 | M1: 狀態 | N1: 送貨日期 | O1: 貨架/備註 | P1: IMAX同步 | Q1: Checking of inventory log | R1: Checking of order qty
A2: H0888001_S_10158528 | B2: 尤加利橙花納米銀除菌除蟎洗衣珠 - 15g x 60粒 | C2: 0 | D2: 0 | E2: 36 | F2: 24 | G2: 12 | H2: 36 | I2: 36 | J2: 0 | K2: 0 | L2: 36 | M2: COMPLETED | N2: 45983 | O2: 11W5 | P2: yes | Q2: =VLOOKUP('60 sku - o qty >0'!A2,'60 duplicate arriving'!A:H,8,FALSE) -> 36 | R2: =IF(I2-Q2=0,"Match", "Not Match") -> Match
A3: H0888001_S_10158529 | B3: 清新花香納米銀除菌除蟎洗衣珠 - 15g x 60粒 | C3: 0 | D3: 0 | E3: 36 | F3: 24 | G3: 12 | H3: 36 | I3: 36 | J3: 0 | K3: 0 | L3: 36 | M3: COMPLETED | N3: 45983 | O3: 11W5 | P3: yes | Q3: =VLOOKUP('60 sku - o qty >0'!A3,'60 duplicate arriving'!A:H,8,FALSE) -> 36 | R3: =IF(I3-Q3=0,"Match", "Not Match") -> Match
A4: H0888001_S_10142982 | B4: 鹽焗腰果 | C4: 0 | D4: 0 | E4: 18 | F4: 6 | G4: 12 | H4: 12 | I4: 12 | J4: 0 | K4: 0 | L4: 12 | M4: COMPLETED | N4: 45983 | O4: 2X | P4: yes | Q4: =VLOOKUP('60 sku - o qty >0'!A4,'60 duplicate arriving'!A:H,8,FALSE) -> 12 | R4: =IF(I4-Q4=0,"Match", "Not Match") -> Match
A5: H0888001_S_10142983 | B5: ANDI 無添加鹽腰果 | C5: 0 | D5: 0 | E5: 24 | F5: 12 | G5: 12 | H5: 24 | I5: 24 | J5: 0 | K5: 0 | L5: 24 | M5: COMPLETED | N5: 45983 | O5: 2X | P5: yes | Q5: =VLOOKUP('60 sku - o qty >0'!A5,'60 duplicate arriving'!A:H,8,FALSE) -> 24 | R5: =IF(I5-Q5=0,"Match", "Not Match") -> Match
A6: H0888001_S_10158856 | B6: 咸蛋曲奇100克 | C6: 0 | D6: 0 | E6: 30 | F6: 6 | G6: 24 | H6: 24 | I6: 24 | J6: 0 | K6: 0 | L6: 24 | M6: COMPLETED | N6: 45983 | O6: 11W5 | P6: yes | Q6: =VLOOKUP('60 sku - o qty >0'!A6,'60 duplicate arriving'!A:H,8,FALSE) -> 24 | R6: =IF(I6-Q6=0,"Match", "Not Match") -> Match
A7: H0888001_S_10141432 | B7: 秘製鮑汁鮑魚 | C7: 0 | D7: 0 | E7: 48 | F7: 24 | G7: 24 | H7: 48 | I7: 48 | J7: 0 | K7: 0 | L7: 48 | M7: COMPLETED | N7: 45983 | O7: New Shop Offer | P7: yes | Q7: =VLOOKUP('60 sku - o qty >0'!A7,'60 duplicate arriving'!A:H,8,FALSE) -> 48 | R7: =IF(I7-Q7=0,"Match", "Not Match") -> Match
A8: H0888001_S_10141431 | B8: 紅燒元貝鮑魚 | C8: 0 | D8: 0 | E8: 48 | F8: 24 | G8: 24 | H8: 48 | I8: 48 | J8: 0 | K8: 0 | L8: 48 | M8: COMPLETED | N8: 45983 | O8: New Shop Offer | P8: yes | Q8: =VLOOKUP('60 sku - o qty >0'!A8,'60 duplicate arriving'!A:H,8,FALSE) -> 48 | R8: =IF(I8-Q8=0,"Match", "Not Match") -> Match
A9: H0888001_S_10010656 | B9: 特選3.6牛乳 (1000ml) | C9: 0 | D9: 0 | E9: 72 | F9: 60 | G9: 12 | H9: 72 | I9: 72 | J9: 0 | K9: 0 | L9: 72 | M9: COMPLETED | N9: 45983 | O9: New Shop Offer | P9: yes | Q9: =VLOOKUP('60 sku - o qty >0'!A9,'60 duplicate arriving'!A:H,8,FALSE) -> 72 | R9: =IF(I9-Q9=0,"Match", "Not Match") -> Match
A10: H0888001_S_10156232 | B10: [意大利進口] 100%牛油果油 | C10: 0 | D10: 0 | E10: 84 | F10: 72 | G10: 12 | H10: 84 | I10: 84 | J10: 0 | K10: 0 | L10: 84 | M10: COMPLETED | N10: 45983 | O10: 2X | P10: yes | Q10: =VLOOKUP('60 sku - o qty >0'!A10,'60 duplicate arriving'!A:H,8,FALSE) -> 84 | R10: =IF(I10-Q10=0,"Match", "Not Match") -> Match
A11: H0888001_S_10159301 | B11: 掛牆式極吸萬用廚紙#紙巾#廚房必備#吸油吸水#5重食品級安全認證#氣炸 | C11: 0 | D11: 0 | E11: 26 | F11: 6 | G11: 20 | H11: 20 | I11: 20 | J11: 0 | K11: 0 | L11: 20 | M11: COMPLETED | N11: 45983 | P11: yes | Q11: =VLOOKUP('60 sku - o qty >0'!A11,'60 duplicate arriving'!A:H,8,FALSE) -> 20 | R11: =IF(I11-Q11=0,"Match", "Not Match") -> Match
A12: H0888001_S_10159774 | B12: 咚兵衛杯烏冬 - 日式腐皮 (新舊包裝隨機派送!) | C12: 0 | D12: 0 | E12: 30 | F12: 6 | G12: 24 | H12: 24 | I12: 24 | J12: 0 | K12: 0 | L12: 24 | M12: COMPLETED | N12: 45983 | P12: yes | Q12: =VLOOKUP('60 sku - o qty >0'!A12,'60 duplicate arriving'!A:H,8,FALSE) -> 24 | R12: =IF(I12-Q12=0,"Match", "Not Match") -> Match
A13: H0888001_S_10159775 | B13: 咚兵衛杯烏冬 - 天婦羅 | C13: 0 | D13: 0 | E13: 30 | F13: 6 | G13: 24 | H13: 24 | I13: 24 | J13: 0 | K13: 0 | L13: 24 | M13: COMPLETED | N13: 45983 | P13: yes | Q13: =VLOOKUP('60 sku - o qty >0'!A13,'60 duplicate arriving'!A:H,8,FALSE) -> 24 | R13: =IF(I13-Q13=0,"Match", "Not Match") -> Match
A14: H0888001_S_10160698 | B14: 維達 - 掛牆式面紙 | C14: 0 | D14: 0 | E14: 32 | F14: 16 | G14: 16 | H14: 32 | I14: 32 | J14: 0 | K14: 0 | L14: 32 | M14: COMPLETED | N14: 45983 | P14: yes | Q14: =VLOOKUP('60 sku - o qty >0'!A14,'60 duplicate arriving'!A:H,8,FALSE) -> 32 | R14: =IF(I14-Q14=0,"Match", "Not Match") -> Match
A15: H0888001_S_10160755 | B15: [日本進口]檸檬果汁碳酸飲料 #消水腫神物 | C15: 0 | D15: 0 | E15: 120 | F15: 96 | G15: 24 | H15: 120 | I15: 120 | J15: 0 | K15: 0 | L15: 120 | M15: COMPLETED | N15: 45983 | P15: yes | Q15: =VLOOKUP('60 sku - o qty >0'!A15,'60 duplicate arriving'!A:H,8,FALSE) -> 120 | R15: =IF(I15-Q15=0,"Match", "Not Match") -> Match
A16: H0888001_S_10161394 | B16: [日本進口] 檸檬果汁碳酸飲料(疲勞感減輕) | C16: 0 | D16: 0 | E16: 96 | F16: 72 | G16: 24 | H16: 96 | I16: 96 | J16: 0 | K16: 0 | L16: 96 | M16: COMPLETED | N16: 45983 | P16: yes | Q16: =VLOOKUP('60 sku - o qty >0'!A16,'60 duplicate arriving'!A:H,8,FALSE) -> 96 | R16: =IF(I16-Q16=0,"Match", "Not Match") -> Match
A17: H0888001_S_10003468 | B17: 淳。茶舍 - 銀毫茉莉綠茶飲料(無糖) | C17: 0 | D17: 0 | E17: 30 | F17: 6 | G17: 24 | H17: 24 | I17: 24 | J17: 0 | K17: 0 | L17: 24 | M17: COMPLETED | N17: 45983 | P17: yes | Q17: =VLOOKUP('60 sku - o qty >0'!A17,'60 duplicate arriving'!A:H,8,FALSE) -> 24 | R17: =IF(I17-Q17=0,"Match", "Not Match") -> Match
A18: H0888001_S_10007706 | B18: 豆奶 | C18: 0 | D18: 0 | E18: 8 | F18: 4 | G18: 4 | H18: 8 | I18: 8 | J18: 0 | K18: 0 | L18: 8 | M18: COMPLETED | N18: 45983 | P18: yes | Q18: =VLOOKUP('60 sku - o qty >0'!A18,'60 duplicate arriving'!A:H,8,FALSE) -> 8 | R18: =IF(I18-Q18=0,"Match", "Not Match") -> Match
A19: H0888001_S_10008402 | B19: Rakunoh Mother - 大阿蘇牛乳 (1000ml) | C19: 0 | D19: 0 | E19: 36 | F19: 24 | G19: 12 | H19: 36 | I19: 36 | J19: 0 | K19: 0 | L19: 36 | M19: COMPLETED | N19: 45983 | P19: yes | Q19: =VLOOKUP('60 sku - o qty >0'!A19,'60 duplicate arriving'!A:H,8,FALSE) -> 36 | R19: =IF(I19-Q19=0,"Match", "Not Match") -> Match
A20: H0888001_S_10133420 | B20: 無糖茶-香片 | C20: 0 | D20: 0 | E20: 8 | F20: 4 | G20: 4 | H20: 8 | I20: 8 | J20: 0 | K20: 0 | L20: 8 | M20: COMPLETED | N20: 45983 | P20: yes | Q20: =VLOOKUP('60 sku - o qty >0'!A20,'60 duplicate arriving'!A:H,8,FALSE) -> 8 | R20: =IF(I20-Q20=0,"Match", "Not Match") -> Match
A21: H0888001_S_10151780 | B21: [日本直送]100% 青森蘋果汁 | C21: 0 | D21: 0 | E21: 18 | F21: 6 | G21: 12 | H21: 12 | I21: 12 | J21: 0 | K21: 0 | L21: 12 | M21: COMPLETED | N21: 45983 | P21: yes | Q21: =VLOOKUP('60 sku - o qty >0'!A21,'60 duplicate arriving'!A:H,8,FALSE) -> 12 | R21: =IF(I21-Q21=0,"Match", "Not Match") -> Match
A22: H0888001_S_10153204 | B22: [澳洲進口] 皇牌香菇脆脆-原味 #健康 #無添加味精 #無添加人工色素及香料 | C22: 0 | D22: 0 | E22: 13 | F22: 4 | G22: 9 | H22: 9 | I22: 9 | J22: 0 | K22: 0 | L22: 9 | M22: COMPLETED | N22: 45983 | P22: yes | Q22: =VLOOKUP('60 sku - o qty >0'!A22,'60 duplicate arriving'!A:H,8,FALSE) -> 9 | R22: =IF(I22-Q22=0,"Match", "Not Match") -> Match
... A60: H0888001_S_10162911 | B60: 麒麟 - [日本進口]午後之紅茶 香橙西柚冰茶 | C60: 0 | D60: 0 | E60: 30 | F60: 6 | G60: 24 | H60: 24 | I60: 24 | J60: 0 | K60: 0 | L60: 24 | M60: COMPLETED | N60: 45983 | P60: yes | Q60: =VLOOKUP('60 sku - o qty >0'!A60,'60 duplicate arriving'!A:H,8,FALSE) -> 24 | R60: =IF(I60-Q60=0,"Match", "Not Match") -> Match
A61: H0888001_S_10162912 | B61: 麒麟 - [日本進口]午後之紅茶 白葡萄檸檬冰茶 | C61: 0 | D61: 0 | E61: 30 | F61: 6 | G61: 24 | H61: 24 | I61: 24 | J61: 0 | K61: 0

Sheet related inventory log 25 Nov
A1: 產品編號 | B1: 產品名稱 | C1: 商店 | D1: 類型 | E1: 庫存參考編號 | F1: 可售賣數量改變 | G1: 可售賣數量 | H1: 待接收數量改變 | I1: 待接收數量 | J1: 待送出數量改變 | K1: 待送出數量 | L1: 日期
A2: H0888001_S_10003468 | B2: 淳。茶舍 - 銀毫茉莉綠茶飲料(無糖) | C2: LYG 荃灣綠楊坊 O2O店 | D2: REPLENISHMENT_ORDER | E2: IS01449606 | F2: 24 | G2: 24 | H2: -24 | I2: 24 | J2: 0 | K2: 0 | L2: 25/11/2025 18:09:13
A3: H0888001_S_10003468 | B3: 淳。茶舍 - 銀毫茉莉綠茶飲料(無糖) | C3: LYG 荃灣綠楊坊 O2O店 | D3: REPLENISHMENT_ORDER | E3: IS01449606 | F3: 0 | G3: 0 | H3: 24 | I3: 48 | J3: 0 | K3: 0 | L3: 25/11/2025 15:52:59
A4: H0888001_S_10003468 | B4: 淳。茶舍 - 銀毫茉莉綠茶飲料(無糖) | C4: LYG 荃灣綠楊坊 O2O店 | D4: REPLENISHMENT_ORDER | E4: IS01449606 | F4: 0 | G4: 0 | H4: 24 | I4: 24 | J4: 0 | K4: 0 | L4: 25/11/2025 15:52:14
A5: H0888001_S_10007706 | B5: 豆奶 | C5: LYG 荃灣綠楊坊 O2O店 | D5: REPLENISHMENT_ORDER | E5: IS01449606 | F5: 8 | G5: 8 | H5: -8 | I5: 8 | J5: 0 | K5: 0 | L5: 25/11/2025 18:09:13
A6: H0888001_S_10007706 | B6: 豆奶 | C6: LYG 荃灣綠楊坊 O2O店 | D6: REPLENISHMENT_ORDER | E6: IS01449606 | F6: 0 | G6: 0 | H6: 8 | I6: 16 | J6: 0 | K6: 0 | L6: 25/11/2025 15:52:59
A7: H0888001_S_10007706 | B7: 豆奶 | C7: LYG 荃灣綠楊坊 O2O店 | D7: REPLENISHMENT_ORDER | E7: IS01449606 | F7: 0 | G7: 0 | H7: 8 | I7: 8 | J7: 0 | K7: 0 | L7: 25/11/2025 15:52:15
A8: H0888001_S_10008402 | B8: Rakunoh Mother - 大阿蘇牛乳 (1000ml) | C8: LYG 荃灣綠楊坊 O2O店 | D8: REPLENISHMENT_ORDER | E8: IS01449606 | F8: 36 | G8: 36 | H8: -36 | I8: 36 | J8: 0 | K8: 0 | L8: 25/11/2025 18:09:12
A9: H0888001_S_10008402 | B9: Rakunoh Mother - 大阿蘇牛乳 (1000ml) | C9: LYG 荃灣綠楊坊 O2O店 | D9: REPLENISHMENT_ORDER | E9: IS01449606 | F9: 0 | G9: 0 | H9: 36 | I9: 72 | J9: 0 | K9: 0 | L9: 25/11/2025 15:52:59
A10: H0888001_S_10008402 | B10: Rakunoh Mother - 大阿蘇牛乳 (1000ml) | C10: LYG 荃灣綠楊坊 O2O店 | D10: REPLENISHMENT_ORDER | E10: IS01449606 | F10: 0 | G10: 0 | H10: 36 | I10: 36 | J10: 0 | K10: 0 | L10: 25/11/2025 15:52:16
A11: H0888001_S_10010656 | B11: 特選3.6牛乳 (1000ml) | C11: LYG 荃灣綠楊坊 O2O店 | D11: REPLENISHMENT_ORDER | E11: IS01449606 | F11: 72 | G11: 72 | H11: -72 | I11: 72 | J11: 0 | K11: 0 | L11: 25/11/2025 18:09:12
A12: H0888001_S_10010656 | B12: 特選3.6牛乳 (1000ml) | C12: LYG 荃灣綠楊坊 O2O店 | D12: REPLENISHMENT_ORDER | E12: IS01449606 | F12: 0 | G12: 0 | H12: 72 | I12: 144 | J12: 0 | K12: 0 | L12: 25/11/2025 15:52:55
A13: H0888001_S_10010656 | B13: 特選3.6牛乳 (1000ml) | C13: LYG 荃灣綠楊坊 O2O店 | D13: REPLENISHMENT_ORDER | E13: IS01449606 | F13: 0 | G13: 0 | H13: 72 | I13: 72 | J13: 0 | K13: 0 | L13: 25/11/2025 15:52:07
... A181: H0888001_S_10162912 | B181: 麒麟 - [日本進口]午後之紅茶 白葡萄檸檬冰茶 | C181: LYG 荃灣綠楊坊 O2O店 | D181: REPLENISHMENT_ORDER | E181: IS01449606 | F181: 0 | G181: 0 | H181: 24 | I181: 24 | J181: 0 | K181: 0 | L181: 25/11/2025 15:52:52

Sheet 60 duplicate arriving
A1: 產品編號 | B1: 產品名稱 | C1: 商店 | D1: 類型 | E1: 庫存參考編號 | F1: 可售賣數量改變 | G1: 可售賣數量 | H1: 待接收數量改變 | I1: 待接收數量 | J1: 待送出數量改變 | K1: 待送出數量 | L1: 日期
A2: H0888001_S_10003468 | B2: 淳。茶舍 - 銀毫茉莉綠茶飲料(無糖) | C2: LYG 荃灣綠楊坊 O2O店 | D2: REPLENISHMENT_ORDER | E2: IS01449606 | F2: 0 | G2: 0 | H2: 24 | I2: 48 | J2: 0 | K2: 0 | L2: 25/11/2025 15:52:59
A3: H0888001_S_10003468 | B3: 淳。茶舍 - 銀毫茉莉綠茶飲料(無糖) | C3: LYG 荃灣綠楊坊 O2O店 | D3: REPLENISHMENT_ORDER | E3: IS01449606 | F3: 0 | G3: 0 | H3: 24 | I3: 24 | J3: 0 | K3: 0 | L3: 25/11/2025 15:52:14
A4: H0888001_S_10007706 | B4: 豆奶 | C4: LYG 荃灣綠楊坊 O2O店 | D4: REPLENISHMENT_ORDER | E4: IS01449606 | F4: 0 | G4: 0 | H4: 8 | I4: 16 | J4: 0 | K4: 0 | L4: 25/11/2025 15:52:59
A5: H0888001_S_10007706 | B5: 豆奶 | C5: LYG 荃灣綠楊坊 O2O店 | D5: REPLENISHMENT_ORDER | E5: IS01449606 | F5: 0 | G5: 0 | H5: 8 | I5: 8 | J5: 0 | K5: 0 | L5: 25/11/2025 15:52:15
A6: H0888001_S_10008402 | B6: Rakunoh Mother - 大阿蘇牛乳 (1000ml) | C6: LYG 荃灣綠楊坊 O2O店 | D6: REPLENISHMENT_ORDER | E6: IS01449606 | F6: 0 | G6: 0 | H6: 36 | I6: 72 | J6: 0 | K6: 0 | L6: 25/11/2025 15:52:59
A7: H0888001_S_10008402 | B7: Rakunoh Mother - 大阿蘇牛乳 (1000ml) | C7: LYG 荃灣綠楊坊 O2O店 | D7: REPLENISHMENT_ORDER | E7: IS01449606 | F7: 0 | G7: 0 | H7: 36 | I7: 36 | J7: 0 | K7: 0 | L7: 25/11/2025 15:52:16
A8: H0888001_S_10010656 | B8: 特選3.6牛乳 (1000ml) | C8: LYG 荃灣綠楊坊 O2O店 | D8: REPLENISHMENT_ORDER | E8: IS01449606 | F8: 0 | G8: 0 | H8: 72 | I8: 144 | J8: 0 | K8: 0 | L8: 25/11/2025 15:52:55
A9: H0888001_S_10010656 | B9: 特選3.6牛乳 (1000ml) | C9: LYG 荃灣綠楊坊 O2O店 | D9: REPLENISHMENT_ORDER | E9: IS01449606 | F9: 0 | G9: 0 | H9: 72 | I9: 72 | J9: 0 | K9: 0 | L9: 25/11/2025 15:52:07
A10: H0888001_S_10133420 | B10: 無糖茶-香片 | C10: LYG 荃灣綠楊坊 O2O店 | D10: REPLENISHMENT_ORDER | E10: IS01449606 | F10: 0 | G10: 0 | H10: 8 | I10: 16 | J10: 0 | K10: 0 | L10: 25/11/2025 15:53:00
A11: H0888001_S_10133420 | B11: 無糖茶-香片 | C11: LYG 荃灣綠楊坊 O2O店 | D11: REPLENISHMENT_ORDER | E11: IS01449606 | F11: 0 | G11: 0 | H11: 8 | I11: 8 | J11: 0 | K11: 0 | L11: 25/11/2025 15:52:17
A12: H0888001_S_10141431 | B12: 紅燒元貝鮑魚 | C12: LYG 荃灣綠楊坊 O2O店 | D12: REPLENISHMENT_ORDER | E12: IS01449606 | F12: 0 | G12: 0 | H12: 48 | I12: 96 | J12: 0 | K12: 0 | L12: 25/11/2025 15:52:55
A13: H0888001_S_10141431 | B13: 紅燒元貝鮑魚 | C13: LYG 荃灣綠楊坊 O2O店 | D13: REPLENISHMENT_ORDER | E13: IS01449606 | F13: 0 | G13: 0 | H13: 48 | I13: 48 | J13: 0 | K13: 0 | L13: 25/11/2025 15:52:06
... A121: H0888001_S_10162912 | B121: 麒麟 - [日本進口]午後之紅茶 白葡萄檸檬冰茶 | C121: LYG 荃灣綠楊坊 O2O店 | D121: REPLENISHMENT_ORDER | E121: IS01449606 | F121: 0 | G121: 0 | H121: 24 | I121: 24 | J121: 0 | K121: 0 | L121: 25/11/2025 15:52:52
